id,timestamp,latitude,longitude,location_name,frc,currentSpeed,freeFlowSpeed,currentTravelTime,freeFlowTravelTime,speed_ratio,delay_time,date,time,traffic_level,vehicle_count
1,03-04-2025 19:21,24.5655,78.9454,"Agra Fort, India",FRC1,30,36,623,715,0.83,-92,03-04-2025,19:21:51,Medium,120
2,03-04-2025 19:21,25.4007,80.5894,"India Gate, Delhi, India",FRC3,21,25,1606,885,0.84,721,03-04-2025,19:21:51,Medium,119
3,03-04-2025 19:21,21.6733,82.3548,"Mumbai, India",FRC2,40,43,1635,520,0.93,1115,03-04-2025,19:21:51,Low,108
4,03-04-2025 19:21,22.61,77.6025,"Bangalore, India",FRC1,17,27,1873,1077,0.63,796,03-04-2025,19:21:51,Medium,159
5,03-04-2025 19:21,15.84,77.7885,"Chennai, India",FRC3,32,20,413,245,1.6,168,03-04-2025,19:21:51,Low,63
6,03-04-2025 19:21,17.5327,84.02,"Kolkata, India",FRC4,11,28,703,440,0.39,263,03-04-2025,19:21:51,High,256
7,03-04-2025 19:21,22.2492,78.6433,"Lucknow, India",FRC1,37,50,713,704,0.74,9,03-04-2025,19:21:51,Medium,135
8,03-04-2025 19:21,17.2522,85.642,"Bhopal, India",FRC2,34,41,1919,177,0.83,1742,03-04-2025,19:21:51,Medium,120
9,03-04-2025 19:21,28.7251,86.8254,"Chandigarh, India",FRC2,27,38,594,1486,0.71,-892,03-04-2025,19:21:51,Medium,141
10,03-04-2025 19:21,27.9302,84.0409,"Taj Mahal, India",FRC4,26,35,433,1791,0.74,-1358,03-04-2025,19:21:51,Medium,135
11,03-04-2025 19:26,15.795,85.3359,"Agra Fort, India",FRC1,21,39,542,75,0.54,467,03-04-2025,19:26:51,High,185
12,03-04-2025 19:26,20.0463,76.673,"India Gate, Delhi, India",FRC1,39,46,701,1695,0.85,-994,03-04-2025,19:26:51,Medium,118
13,03-04-2025 19:26,25.2291,84.0901,"Mumbai, India",FRC3,37,36,824,1119,1.03,-295,03-04-2025,19:26:51,Low,97
14,03-04-2025 19:26,17.4166,72.0294,"Bangalore, India",FRC3,37,48,1172,212,0.77,960,03-04-2025,19:26:51,Medium,130
15,03-04-2025 19:26,21.3151,78.3112,"Chennai, India",FRC1,28,25,796,595,1.12,201,03-04-2025,19:26:51,Low,89
16,03-04-2025 19:26,26.3357,86.0968,"Kolkata, India",FRC4,27,36,518,1502,0.75,-984,03-04-2025,19:26:51,Medium,133
17,03-04-2025 19:26,26.0488,73.9038,"Lucknow, India",FRC2,34,36,1694,832,0.94,862,03-04-2025,19:26:51,Low,106
18,03-04-2025 19:26,18.8337,86.252,"Bhopal, India",FRC2,33,31,1457,157,1.06,1300,03-04-2025,19:26:51,Low,94
19,03-04-2025 19:26,15.4077,87.1119,"Chandigarh, India",FRC3,34,40,832,239,0.85,593,03-04-2025,19:26:51,Medium,118
20,03-04-2025 19:26,25.6737,83.9778,"Taj Mahal, India",FRC2,24,32,1833,1370,0.75,463,03-04-2025,19:26:51,Medium,133
21,04-04-2025 07:33,16.717,79.6208,"Agra Fort, India",FRC4,16,50,447,934,0.32,-487,04-04-2025,07:33:14,High,300
22,04-04-2025 07:33,20.296,84.3348,"India Gate, Delhi, India",FRC1,10,41,519,284,0.24,235,04-04-2025,07:33:14,High,300
23,04-04-2025 07:33,19.778,72.2011,"Mumbai, India",FRC4,31,38,1095,202,0.82,893,04-04-2025,07:33:14,Medium,122
24,04-04-2025 07:33,16.6465,83.0155,"Bangalore, India",FRC1,38,46,1530,189,0.83,1341,04-04-2025,07:33:14,Medium,120
25,04-04-2025 07:33,21.222,81.7908,"Chennai, India",FRC4,23,50,1427,797,0.46,630,04-04-2025,07:33:14,High,217
26,04-04-2025 07:33,13.7363,80.3443,"Kolkata, India",FRC4,13,25,1283,179,0.52,1104,04-04-2025,07:33:14,High,192
27,04-04-2025 07:33,15.8906,76.7873,"Lucknow, India",FRC2,37,27,1971,570,1.37,1401,04-04-2025,07:33:14,Low,73
28,04-04-2025 07:33,22.5459,72.6172,"Bhopal, India",FRC4,10,29,422,1148,0.34,-726,04-04-2025,07:33:14,High,294
29,04-04-2025 07:33,12.5642,74.2423,"Chandigarh, India",FRC1,38,30,1256,589,1.27,667,04-04-2025,07:33:14,Low,79
30,04-04-2025 07:33,14.1383,76.9317,"Taj Mahal, India",FRC2,31,39,298,1182,0.79,-884,04-04-2025,07:33:14,Medium,127
31,04-04-2025 07:38,12.4009,87.772,"Agra Fort, India",FRC1,10,24,1839,220,0.42,1619,04-04-2025,07:38:13,High,238
32,04-04-2025 07:38,26.7857,74.3551,"India Gate, Delhi, India",FRC4,10,42,934,1123,0.24,-189,04-04-2025,07:38:13,High,300
33,04-04-2025 07:38,23.2967,84.9103,"Mumbai, India",FRC3,22,47,1339,1793,0.47,-454,04-04-2025,07:38:13,High,213
34,04-04-2025 07:38,24.7806,86.2875,"Bangalore, India",FRC2,10,21,662,1710,0.48,-1048,04-04-2025,07:38:13,High,208
35,04-04-2025 07:38,18.5536,72.4948,"Chennai, India",FRC2,29,48,1447,967,0.6,480,04-04-2025,07:38:13,Medium,167
36,04-04-2025 07:38,20.0487,78.8781,"Kolkata, India",FRC2,11,42,1919,584,0.26,1335,04-04-2025,07:38:13,High,300
37,04-04-2025 07:38,14.8713,83.2476,"Lucknow, India",FRC2,24,37,1112,702,0.65,410,04-04-2025,07:38:13,Medium,154
38,04-04-2025 07:38,25.6684,73.2939,"Bhopal, India",FRC1,35,24,721,418,1.46,303,04-04-2025,07:38:13,Low,68
39,04-04-2025 07:38,18.1093,79.5272,"Chandigarh, India",FRC2,36,38,362,466,0.95,-104,04-04-2025,07:38:13,Low,105
40,04-04-2025 07:38,19.3988,83.5789,"Taj Mahal, India",FRC4,17,25,1405,1533,0.68,-128,04-04-2025,07:38:13,Medium,147
41,04-04-2025 07:43,29.8566,74.7283,"Agra Fort, India",FRC1,35,33,142,1235,1.06,-1093,04-04-2025,07:43:11,Low,94
42,04-04-2025 07:43,14.4435,82.907,"India Gate, Delhi, India",FRC3,36,40,1964,792,0.9,1172,04-04-2025,07:43:11,Low,111
43,04-04-2025 07:43,22.1073,79.0343,"Mumbai, India",FRC3,23,49,123,328,0.47,-205,04-04-2025,07:43:11,High,213
44,04-04-2025 07:43,14.3734,80.2701,"Bangalore, India",FRC3,36,42,208,71,0.86,137,04-04-2025,07:43:11,Medium,116
45,04-04-2025 07:43,22.161,75.587,"Chennai, India",FRC2,15,20,1599,868,0.75,731,04-04-2025,07:43:11,Medium,133
46,04-04-2025 07:43,18.176,72.3458,"Kolkata, India",FRC1,19,49,1469,390,0.39,1079,04-04-2025,07:43:11,High,256
47,04-04-2025 07:43,29.555,76.3443,"Lucknow, India",FRC3,37,37,1330,276,1,1054,04-04-2025,07:43:11,Low,100
48,04-04-2025 07:43,21.4379,75.8077,"Bhopal, India",FRC2,13,37,334,520,0.35,-186,04-04-2025,07:43:11,High,286
49,04-04-2025 07:43,20.4816,73.4652,"Chandigarh, India",FRC4,35,25,1273,1153,1.4,120,04-04-2025,07:43:11,Low,71
50,04-04-2025 07:43,21.7179,72.7196,"Taj Mahal, India",FRC2,13,48,1484,791,0.27,693,04-04-2025,07:43:11,High,300
51,04-04-2025 07:48,27.6068,79.6338,"Agra Fort, India",FRC2,18,49,267,133,0.37,134,04-04-2025,07:48:13,High,270
52,04-04-2025 07:48,22.6441,74.9663,"India Gate, Delhi, India",FRC3,17,38,345,142,0.45,203,04-04-2025,07:48:13,High,222
53,04-04-2025 07:48,25.3418,81.9212,"Mumbai, India",FRC1,25,36,1628,239,0.69,1389,04-04-2025,07:48:13,Medium,145
54,04-04-2025 07:48,28.0492,77.2149,"Bangalore, India",FRC3,30,40,1006,247,0.75,759,04-04-2025,07:48:13,Medium,133
55,04-04-2025 07:48,15.0682,85.6041,"Chennai, India",FRC2,40,30,334,408,1.33,-74,04-04-2025,07:48:13,Low,75
56,04-04-2025 07:48,22.5463,85.9914,"Kolkata, India",FRC1,20,48,1887,1227,0.42,660,04-04-2025,07:48:13,High,238
57,04-04-2025 07:48,18.5329,76.1767,"Lucknow, India",FRC4,24,47,1937,1781,0.51,156,04-04-2025,07:48:13,High,196
58,04-04-2025 07:48,13.3812,78.2913,"Bhopal, India",FRC2,14,25,1819,1375,0.56,444,04-04-2025,07:48:13,High,179
59,04-04-2025 07:48,20.6056,76.705,"Chandigarh, India",FRC3,28,28,1417,542,1,875,04-04-2025,07:48:13,Low,100
60,04-04-2025 07:48,25.9439,75.2741,"Taj Mahal, India",FRC2,35,50,304,1639,0.7,-1335,04-04-2025,07:48:13,Medium,143
61,04-04-2025 07:53,23.5966,86.3712,"Agra Fort, India",FRC2,13,46,1629,783,0.28,846,04-04-2025,07:53:13,High,300
62,04-04-2025 07:53,16.4586,78.2574,"India Gate, Delhi, India",FRC2,15,49,347,536,0.31,-189,04-04-2025,07:53:13,High,300
63,04-04-2025 07:53,14.88,86.4834,"Mumbai, India",FRC2,38,37,924,627,1.03,297,04-04-2025,07:53:13,Low,97
64,04-04-2025 07:53,12.6394,83.5228,"Bangalore, India",FRC2,11,26,386,350,0.42,36,04-04-2025,07:53:13,High,238
65,04-04-2025 07:53,20.3675,78.8464,"Chennai, India",FRC2,28,29,1956,621,0.97,1335,04-04-2025,07:53:13,Low,103
66,04-04-2025 07:53,27.2442,77.0027,"Kolkata, India",FRC2,28,45,739,929,0.62,-190,04-04-2025,07:53:13,Medium,161
67,04-04-2025 07:53,28.5637,81.9901,"Lucknow, India",FRC3,13,26,1185,1665,0.5,-480,04-04-2025,07:53:13,High,200
68,04-04-2025 07:53,16.6737,74.9262,"Bhopal, India",FRC3,23,42,222,1409,0.55,-1187,04-04-2025,07:53:13,High,182
69,04-04-2025 07:53,20.996,82.6333,"Chandigarh, India",FRC2,16,45,755,1439,0.36,-684,04-04-2025,07:53:13,High,278
70,04-04-2025 07:53,13.0635,72.45,"Taj Mahal, India",FRC1,33,40,1007,339,0.82,668,04-04-2025,07:53:13,Medium,122
71,04-04-2025 11:28,17.3761,81.6265,"Agra Fort, India",FRC1,18,47,1056,724,0.38,332,04-04-2025,11:28:12,High,263
72,04-04-2025 11:28,23.0163,86.6207,"India Gate, Delhi, India",FRC1,32,27,622,281,1.19,341,04-04-2025,11:28:12,Low,84
73,04-04-2025 11:28,13.518,87.2949,"Mumbai, India",FRC1,24,44,1137,1259,0.55,-122,04-04-2025,11:28:12,High,182
74,04-04-2025 11:28,26.4402,81.0631,"Bangalore, India",FRC1,18,43,456,146,0.42,310,04-04-2025,11:28:12,High,238
75,04-04-2025 11:28,13.5419,86.2331,"Chennai, India",FRC4,37,31,1638,379,1.19,1259,04-04-2025,11:28:12,Low,84
76,04-04-2025 11:28,15.424,81.3851,"Kolkata, India",FRC2,16,20,1229,1557,0.8,-328,04-04-2025,11:28:12,Medium,125
77,04-04-2025 11:28,14.2453,84.1781,"Lucknow, India",FRC4,26,39,1332,1640,0.67,-308,04-04-2025,11:28:12,Medium,149
78,04-04-2025 11:28,15.7368,82.607,"Bhopal, India",FRC3,24,43,1318,1572,0.56,-254,04-04-2025,11:28:12,High,179
79,04-04-2025 11:28,12.5165,81.6468,"Chandigarh, India",FRC2,37,37,981,1532,1,-551,04-04-2025,11:28:12,Low,100
80,04-04-2025 11:28,20.3921,87.1523,"Taj Mahal, India",FRC2,16,27,1809,518,0.59,1291,04-04-2025,11:28:12,High,169
81,04-04-2025 11:33,28.4854,80.0085,"Agra Fort, India",FRC2,12,27,1926,1350,0.44,576,04-04-2025,11:33:13,High,227
82,04-04-2025 11:33,28.777,81.5575,"India Gate, Delhi, India",FRC3,10,46,359,1303,0.22,-944,04-04-2025,11:33:13,High,300
83,04-04-2025 11:33,16.2886,74.4033,"Mumbai, India",FRC2,37,38,1533,928,0.97,605,04-04-2025,11:33:13,Low,103
84,04-04-2025 11:33,22.9991,84.1274,"Bangalore, India",FRC4,29,25,253,1387,1.16,-1134,04-04-2025,11:33:13,Low,86
85,04-04-2025 11:33,22.9129,78.992,"Chennai, India",FRC1,21,28,1832,192,0.75,1640,04-04-2025,11:33:13,Medium,133
86,04-04-2025 11:33,16.4529,84.0081,"Kolkata, India",FRC3,24,47,1182,1277,0.51,-95,04-04-2025,11:33:13,High,196
87,04-04-2025 11:33,15.1596,85.2903,"Lucknow, India",FRC3,13,39,412,776,0.33,-364,04-04-2025,11:33:13,High,300
88,04-04-2025 11:33,27.4583,73.9371,"Bhopal, India",FRC2,27,36,853,1412,0.75,-559,04-04-2025,11:33:13,Medium,133
89,04-04-2025 11:33,12.0063,84.3001,"Chandigarh, India",FRC3,33,37,283,933,0.89,-650,04-04-2025,11:33:13,Medium,112
90,04-04-2025 11:33,15.6779,72.6267,"Taj Mahal, India",FRC1,35,43,229,528,0.81,-299,04-04-2025,11:33:13,Medium,123
91,07-04-2025 09:20,23.0487,77.5795,"Agra Fort, India",FRC1,17,34,392,344,0.5,48,07-04-2025,09:20:18,High,200
92,07-04-2025 09:20,18.5445,74.1375,"India Gate, Delhi, India",FRC1,39,39,1422,1213,1,209,07-04-2025,09:20:18,Low,100
93,07-04-2025 09:20,15.7268,87.2265,"Mumbai, India",FRC2,24,23,1980,292,1.04,1688,07-04-2025,09:20:18,Low,96
94,07-04-2025 09:20,14.8687,77.5348,"Bangalore, India",FRC4,15,38,1322,487,0.39,835,07-04-2025,09:20:18,High,256
95,07-04-2025 09:20,26.8272,87.6793,"Chennai, India",FRC1,17,37,1635,292,0.46,1343,07-04-2025,09:20:18,High,217
96,07-04-2025 09:20,19.4383,77.9333,"Kolkata, India",FRC2,35,26,1779,473,1.35,1306,07-04-2025,09:20:18,Low,74
97,07-04-2025 09:20,16.2208,79.702,"Lucknow, India",FRC2,11,36,365,836,0.31,-471,07-04-2025,09:20:18,High,300
98,07-04-2025 09:20,12.8352,74.6021,"Bhopal, India",FRC1,20,29,642,1379,0.69,-737,07-04-2025,09:20:18,Medium,145
99,07-04-2025 09:20,13.2872,76.829,"Chandigarh, India",FRC1,32,36,1957,99,0.89,1858,07-04-2025,09:20:18,Medium,112
100,07-04-2025 09:20,20.5705,79.6001,"Taj Mahal, India",FRC2,32,20,1418,774,1.6,644,07-04-2025,09:20:18,Low,63
101,07-04-2025 10:05,25.6596,76.5009,"Agra Fort, India",FRC4,19,47,196,1779,0.4,-1583,07-04-2025,10:05:48,High,250
102,07-04-2025 10:05,19.351,82.3294,"India Gate, Delhi, India",FRC4,13,50,924,485,0.26,439,07-04-2025,10:05:48,High,300
103,07-04-2025 10:05,15.9573,78.9677,"Mumbai, India",FRC2,16,42,571,704,0.38,-133,07-04-2025,10:05:48,High,263
104,07-04-2025 10:05,20.9842,86.1286,"Bangalore, India",FRC1,31,47,1024,1249,0.66,-225,07-04-2025,10:05:48,Medium,152
105,07-04-2025 10:05,22.9825,74.3554,"Chennai, India",FRC1,20,34,1963,1569,0.59,394,07-04-2025,10:05:48,High,169
106,07-04-2025 10:05,19.7094,86.2326,"Kolkata, India",FRC3,10,41,164,1477,0.24,-1313,07-04-2025,10:05:48,High,300
107,07-04-2025 10:05,14.0791,82.3356,"Lucknow, India",FRC1,10,26,1854,1346,0.38,508,07-04-2025,10:05:48,High,263
108,07-04-2025 10:05,18.2045,76.4068,"Bhopal, India",FRC4,23,27,556,882,0.85,-326,07-04-2025,10:05:48,Medium,118
109,07-04-2025 10:05,21.4143,86.5677,"Chandigarh, India",FRC3,10,21,1770,1619,0.48,151,07-04-2025,10:05:48,High,208
110,07-04-2025 10:05,25.2845,76.9316,"Taj Mahal, India",FRC1,33,47,798,110,0.7,688,07-04-2025,10:05:48,Medium,143
111,07-04-2025 10:18,18.8252,86.7398,"Agra Fort, India",FRC3,36,26,1197,1096,1.38,101,07-04-2025,10:18:39,Low,72
112,07-04-2025 10:18,19.0178,74.9842,"India Gate, Delhi, India",FRC2,21,32,1003,470,0.66,533,07-04-2025,10:18:39,Medium,152
113,07-04-2025 10:18,13.7241,83.1758,"Mumbai, India",FRC2,13,46,1052,1247,0.28,-195,07-04-2025,10:18:39,High,300
114,07-04-2025 10:18,22.8457,77.2323,"Bangalore, India",FRC3,15,30,1663,1789,0.5,-126,07-04-2025,10:18:39,High,200
115,07-04-2025 10:18,20.1892,77.1113,"Chennai, India",FRC4,26,30,842,1282,0.87,-440,07-04-2025,10:18:39,Medium,115
116,07-04-2025 10:18,15.9476,74.5309,"Kolkata, India",FRC3,35,42,591,1561,0.83,-970,07-04-2025,10:18:39,Medium,120
117,07-04-2025 10:18,17.981,82.5184,"Lucknow, India",FRC3,20,47,1504,715,0.43,789,07-04-2025,10:18:39,High,233
118,07-04-2025 10:18,27.5745,83.0714,"Bhopal, India",FRC3,29,46,1288,1242,0.63,46,07-04-2025,10:18:39,Medium,159
119,07-04-2025 10:18,29.6731,72.6571,"Chandigarh, India",FRC4,29,48,1375,850,0.6,525,07-04-2025,10:18:39,Medium,167
120,07-04-2025 10:18,29.4238,77.2998,"Taj Mahal, India",FRC1,37,30,1515,337,1.23,1178,07-04-2025,10:18:39,Low,81
121,07-04-2025 10:21,29.5197,76.3694,"Agra Fort, India",FRC3,38,49,294,116,0.78,178,07-04-2025,10:21:02,Medium,128
122,07-04-2025 10:21,12.7169,76.5242,"India Gate, Delhi, India",FRC2,10,26,1110,1189,0.38,-79,07-04-2025,10:21:02,High,263
123,07-04-2025 10:21,22.9089,80.8321,"Mumbai, India",FRC3,35,34,1267,1373,1.03,-106,07-04-2025,10:21:02,Low,97
124,07-04-2025 10:21,12.597,72.2877,"Bangalore, India",FRC4,40,39,1642,1462,1.03,180,07-04-2025,10:21:02,Low,97
125,07-04-2025 10:21,28.5725,83.9598,"Chennai, India",FRC4,27,23,1146,574,1.17,572,07-04-2025,10:21:02,Low,85
126,07-04-2025 10:21,19.6576,86.9191,"Kolkata, India",FRC1,14,30,1837,810,0.47,1027,07-04-2025,10:21:02,High,213
127,07-04-2025 10:21,21.5794,73.815,"Lucknow, India",FRC2,18,21,1887,694,0.86,1193,07-04-2025,10:21:02,Medium,116
128,07-04-2025 10:21,13.9574,83.8039,"Bhopal, India",FRC1,20,39,1521,1373,0.51,148,07-04-2025,10:21:02,High,196
129,07-04-2025 10:21,25.0867,84.8568,"Chandigarh, India",FRC1,28,22,826,953,1.27,-127,07-04-2025,10:21:02,Low,79
130,07-04-2025 10:21,16.0717,80.1875,"Taj Mahal, India",FRC2,30,43,1763,1333,0.7,430,07-04-2025,10:21:02,Medium,143
131,18-04-2025 10:12,17.2378,81.4097,"Agra Fort, India",FRC4,13,50,1889,728,0.26,1161,18-04-2025,10:12:15,High,300
132,18-04-2025 10:12,25.3918,85.8644,"India Gate, Delhi, India",FRC1,36,33,977,1441,1.09,-464,18-04-2025,10:12:15,Low,92
133,18-04-2025 10:12,13.3692,85.2329,"Mumbai, India",FRC3,26,20,1024,1178,1.3,-154,18-04-2025,10:12:15,Low,77
134,18-04-2025 10:12,12.8153,87.0708,"Bangalore, India",FRC2,16,40,1584,1636,0.4,-52,18-04-2025,10:12:15,High,250
135,18-04-2025 10:12,14.253,82.9139,"Chennai, India",FRC2,11,39,749,717,0.28,32,18-04-2025,10:12:15,High,300
136,18-04-2025 10:12,28.2599,78.2246,"Kolkata, India",FRC1,32,31,1178,1016,1.03,162,18-04-2025,10:12:15,Low,97
137,18-04-2025 10:12,21.2982,85.5526,"Lucknow, India",FRC1,17,50,1607,368,0.34,1239,18-04-2025,10:12:15,High,294
138,18-04-2025 10:12,15.297,83.0961,"Bhopal, India",FRC2,26,36,1697,462,0.72,1235,18-04-2025,10:12:15,Medium,139
139,18-04-2025 10:12,22.0757,81.119,"Chandigarh, India",FRC1,13,23,1229,1680,0.57,-451,18-04-2025,10:12:15,High,175
140,18-04-2025 10:12,15.5231,74.1855,"Taj Mahal, India",FRC4,18,30,1522,774,0.6,748,18-04-2025,10:12:15,Medium,167
141,18-04-2025 13:11,23.6408,82.9591,"Agra Fort, India",FRC4,30,36,1981,1592,0.83,389,18-04-2025,13:11:24,Medium,120
142,18-04-2025 13:11,28.4451,82.0907,"India Gate, Delhi, India",FRC4,30,27,1223,1754,1.11,-531,18-04-2025,13:11:24,Low,90
143,18-04-2025 13:11,27.699,80.1883,"Mumbai, India",FRC1,11,35,352,929,0.31,-577,18-04-2025,13:11:24,High,300
144,18-04-2025 13:11,25.2084,74.7725,"Bangalore, India",FRC4,27,21,1814,896,1.29,918,18-04-2025,13:11:24,Low,78
145,18-04-2025 13:11,15.7494,80.7926,"Chennai, India",FRC1,31,27,1001,602,1.15,399,18-04-2025,13:11:24,Low,87
146,18-04-2025 13:11,17.702,79.414,"Kolkata, India",FRC1,27,45,1911,769,0.6,1142,18-04-2025,13:11:24,Medium,167
147,18-04-2025 13:11,28.5635,73.4147,"Lucknow, India",FRC1,22,40,1860,1147,0.55,713,18-04-2025,13:11:24,High,182
148,18-04-2025 13:11,29.7169,84.5004,"Bhopal, India",FRC3,26,45,196,599,0.58,-403,18-04-2025,13:11:24,High,172
149,18-04-2025 13:11,28.5031,85.6044,"Chandigarh, India",FRC1,32,39,1910,170,0.82,1740,18-04-2025,13:11:24,Medium,122
150,18-04-2025 13:11,24.5757,73.0858,"Taj Mahal, India",FRC1,32,23,411,572,1.39,-161,18-04-2025,13:11:24,Low,72
151,18-04-2025 13:16,14.8346,76.113,"Agra Fort, India",FRC4,19,31,1116,1340,0.61,-224,18-04-2025,13:16:15,Medium,164
152,18-04-2025 13:16,14.6244,77.7575,"India Gate, Delhi, India",FRC3,37,27,394,190,1.37,204,18-04-2025,13:16:15,Low,73
153,18-04-2025 13:16,16.3118,80.3042,"Mumbai, India",FRC1,31,24,1589,1159,1.29,430,18-04-2025,13:16:15,Low,78
154,18-04-2025 13:16,20.1185,83.7043,"Bangalore, India",FRC4,13,33,632,1637,0.39,-1005,18-04-2025,13:16:15,High,256
155,18-04-2025 13:16,17.0679,83.6598,"Chennai, India",FRC3,23,21,883,783,1.1,100,18-04-2025,13:16:15,Low,91
156,18-04-2025 13:16,26.4374,80.9811,"Kolkata, India",FRC3,21,34,1078,1266,0.62,-188,18-04-2025,13:16:15,Medium,161
157,18-04-2025 13:16,18.8678,81.9315,"Lucknow, India",FRC4,16,39,1484,1052,0.41,432,18-04-2025,13:16:15,High,244
158,18-04-2025 13:16,26.4045,82.3126,"Bhopal, India",FRC2,39,39,1753,892,1,861,18-04-2025,13:16:15,Low,100
159,18-04-2025 13:16,29.8995,73.0404,"Chandigarh, India",FRC2,12,21,1853,1409,0.57,444,18-04-2025,13:16:15,High,175
160,18-04-2025 13:16,28.6472,83.1839,"Taj Mahal, India",FRC4,35,21,1444,1205,1.67,239,18-04-2025,13:16:15,Low,60
161,18-04-2025 17:26,29.6474,74.9668,"Agra Fort, India",FRC4,32,48,818,86,0.67,732,18-04-2025,17:26:47,Medium,149
162,18-04-2025 17:26,24.0081,84.541,"India Gate, Delhi, India",FRC1,12,48,373,624,0.25,-251,18-04-2025,17:26:47,High,300
163,18-04-2025 17:26,25.7801,85.9446,"Mumbai, India",FRC3,39,25,1839,1075,1.56,764,18-04-2025,17:26:47,Low,64
164,18-04-2025 17:26,17.7812,85.9304,"Bangalore, India",FRC3,24,46,1784,1455,0.52,329,18-04-2025,17:26:47,High,192
165,18-04-2025 17:26,15.7292,72.5413,"Chennai, India",FRC2,38,35,1541,212,1.09,1329,18-04-2025,17:26:47,Low,92
166,18-04-2025 17:26,28.7539,82.9137,"Kolkata, India",FRC3,31,47,882,1486,0.66,-604,18-04-2025,17:26:47,Medium,152
167,18-04-2025 17:26,29.7359,72.6308,"Lucknow, India",FRC3,25,22,1067,1695,1.14,-628,18-04-2025,17:26:47,Low,88
168,18-04-2025 17:26,21.3027,82.5753,"Bhopal, India",FRC1,32,49,665,1741,0.65,-1076,18-04-2025,17:26:47,Medium,154
169,18-04-2025 17:26,24.6983,74.8111,"Chandigarh, India",FRC3,22,37,511,1699,0.59,-1188,18-04-2025,17:26:47,High,169
170,18-04-2025 17:26,28.22,72.3902,"Taj Mahal, India",FRC4,12,40,1151,1132,0.3,19,18-04-2025,17:26:47,High,300
171,18-04-2025 17:31,15.8464,84.4067,"Agra Fort, India",FRC3,40,39,509,436,1.03,73,18-04-2025,17:31:45,Low,97
172,18-04-2025 17:31,15.5034,85.4158,"India Gate, Delhi, India",FRC3,31,50,743,1275,0.62,-532,18-04-2025,17:31:45,Medium,161
173,18-04-2025 17:31,20.1366,83.5926,"Mumbai, India",FRC2,25,23,146,869,1.09,-723,18-04-2025,17:31:45,Low,92
174,18-04-2025 17:31,14.4874,85.4028,"Bangalore, India",FRC3,23,48,649,1747,0.48,-1098,18-04-2025,17:31:45,High,208
175,18-04-2025 17:31,28.4131,74.9306,"Chennai, India",FRC3,10,30,1290,1157,0.33,133,18-04-2025,17:31:45,High,300
176,18-04-2025 17:31,27.3977,83.5143,"Kolkata, India",FRC4,21,28,1221,477,0.75,744,18-04-2025,17:31:45,Medium,133
177,18-04-2025 17:31,17.4368,81.3094,"Lucknow, India",FRC1,15,28,413,1581,0.54,-1168,18-04-2025,17:31:45,High,185
178,18-04-2025 17:31,22.226,73.2749,"Bhopal, India",FRC1,12,23,1345,1282,0.52,63,18-04-2025,17:31:45,High,192
179,18-04-2025 17:31,24.8636,77.2833,"Chandigarh, India",FRC3,19,40,609,1654,0.47,-1045,18-04-2025,17:31:45,High,213
180,18-04-2025 17:31,12.8864,73.7457,"Taj Mahal, India",FRC4,18,29,359,1290,0.62,-931,18-04-2025,17:31:45,Medium,161
181,18-04-2025 17:36,13.4445,77.5773,"Agra Fort, India",FRC4,17,39,508,699,0.44,-191,18-04-2025,17:36:47,High,227
182,18-04-2025 17:36,27.9153,80.5591,"India Gate, Delhi, India",FRC4,24,35,1339,1085,0.69,254,18-04-2025,17:36:47,Medium,145
183,18-04-2025 17:36,18.6013,87.4089,"Mumbai, India",FRC3,29,32,1536,430,0.91,1106,18-04-2025,17:36:47,Low,110
184,18-04-2025 17:36,12.4992,79.7927,"Bangalore, India",FRC3,24,20,400,1193,1.2,-793,18-04-2025,17:36:47,Low,83
185,18-04-2025 17:36,18.2507,84.16,"Chennai, India",FRC3,32,43,173,336,0.74,-163,18-04-2025,17:36:47,Medium,135
186,18-04-2025 17:36,14.6966,79.824,"Kolkata, India",FRC1,33,27,851,735,1.22,116,18-04-2025,17:36:47,Low,82
187,18-04-2025 17:36,18.9377,75.2717,"Lucknow, India",FRC4,25,49,965,129,0.51,836,18-04-2025,17:36:47,High,196
188,18-04-2025 17:36,13.7272,86.7545,"Bhopal, India",FRC1,11,43,717,1774,0.26,-1057,18-04-2025,17:36:47,High,300
189,18-04-2025 17:36,25.0639,74.3606,"Chandigarh, India",FRC3,37,41,733,171,0.9,562,18-04-2025,17:36:47,Low,111
190,18-04-2025 17:36,13.1848,82.8403,"Taj Mahal, India",FRC4,29,24,631,540,1.21,91,18-04-2025,17:36:47,Low,83
191,19-04-2025 18:08,22.1415,80.7697,"Agra Fort, India",FRC1,17,30,1978,1724,0.57,254,19-04-2025,18:08:00,High,175
192,19-04-2025 18:08,23.1181,84.2281,"India Gate, Delhi, India",FRC4,38,38,1484,977,1,507,19-04-2025,18:08:00,Low,100
193,19-04-2025 18:08,20.5748,72.0765,"Mumbai, India",FRC4,34,41,1996,966,0.83,1030,19-04-2025,18:08:00,Medium,120
194,19-04-2025 18:08,21.1945,85.1836,"Bangalore, India",FRC1,27,29,1919,203,0.93,1716,19-04-2025,18:08:00,Low,108
195,19-04-2025 18:08,22.5223,81.8064,"Chennai, India",FRC4,16,48,1864,1067,0.33,797,19-04-2025,18:08:00,High,300
196,19-04-2025 18:08,26.9939,87.2153,"Kolkata, India",FRC2,21,44,1633,1220,0.48,413,19-04-2025,18:08:00,High,208
197,19-04-2025 18:08,16.8484,82.1029,"Lucknow, India",FRC3,20,26,1373,1410,0.77,-37,19-04-2025,18:08:00,Medium,130
198,19-04-2025 18:08,28.1475,80.4313,"Bhopal, India",FRC1,13,48,270,1715,0.27,-1445,19-04-2025,18:08:00,High,300
199,19-04-2025 18:08,25.2036,75.7044,"Chandigarh, India",FRC4,26,25,565,698,1.04,-133,19-04-2025,18:08:00,Low,96
200,19-04-2025 18:08,13.2623,84.5628,"Taj Mahal, India",FRC4,39,48,1849,1361,0.81,488,19-04-2025,18:08:00,Medium,123
201,22-04-2025 13:18,13.2296,76.5865,"Agra Fort, India",FRC2,17,32,1857,355,0.53,1502,22-04-2025,13:18:58,High,189
202,22-04-2025 13:18,20.0918,76.8703,"India Gate, Delhi, India",FRC4,38,41,215,968,0.93,-753,22-04-2025,13:18:58,Low,108
203,22-04-2025 13:18,18.7725,74.1775,"Mumbai, India",FRC1,25,27,864,643,0.93,221,22-04-2025,13:18:58,Low,108
204,22-04-2025 13:18,12.1251,76.4956,"Bangalore, India",FRC3,32,24,1071,1115,1.33,-44,22-04-2025,13:18:58,Low,75
205,22-04-2025 13:18,15.8456,81.1671,"Chennai, India",FRC3,18,21,545,885,0.86,-340,22-04-2025,13:18:58,Medium,116
206,22-04-2025 13:18,24.5026,80.5418,"Kolkata, India",FRC1,27,35,934,1706,0.77,-772,22-04-2025,13:18:58,Medium,130
207,22-04-2025 13:18,26.4542,79.1697,"Lucknow, India",FRC2,31,30,467,1073,1.03,-606,22-04-2025,13:18:58,Low,97
208,22-04-2025 13:18,16.6555,84.9972,"Bhopal, India",FRC3,11,37,453,358,0.3,95,22-04-2025,13:18:58,High,300
209,22-04-2025 13:18,15.9738,74.6533,"Chandigarh, India",FRC3,14,45,1287,1165,0.31,122,22-04-2025,13:18:58,High,300
210,22-04-2025 13:18,16.3715,86.1543,"Taj Mahal, India",FRC4,14,43,1914,1362,0.33,552,22-04-2025,13:18:58,High,300
211,22-04-2025 22:28,18.5827,73.0534,"Agra Fort, India",FRC4,13,42,800,923,0.31,-123,22-04-2025,22:28:00,High,300
212,22-04-2025 22:28,25.074,87.2909,"India Gate, Delhi, India",FRC4,10,39,483,572,0.26,-89,22-04-2025,22:28:00,High,300
213,22-04-2025 22:28,29.5308,85.5868,"Mumbai, India",FRC3,27,37,940,975,0.73,-35,22-04-2025,22:28:00,Medium,137
214,22-04-2025 22:28,12.3463,78.0912,"Bangalore, India",FRC1,34,49,679,1247,0.69,-568,22-04-2025,22:28:00,Medium,145
215,22-04-2025 22:28,26.036,78.8152,"Chennai, India",FRC1,25,23,983,1240,1.09,-257,22-04-2025,22:28:00,Low,92
216,22-04-2025 22:28,19.3909,79.3454,"Kolkata, India",FRC4,35,42,1500,118,0.83,1382,22-04-2025,22:28:00,Medium,120
217,22-04-2025 22:28,18.8275,83.6057,"Lucknow, India",FRC1,33,39,556,1483,0.85,-927,22-04-2025,22:28:00,Medium,118
218,22-04-2025 22:28,22.0832,81.3678,"Bhopal, India",FRC4,29,38,420,1706,0.76,-1286,22-04-2025,22:28:00,Medium,132
219,22-04-2025 22:28,17.0334,74.7688,"Chandigarh, India",FRC2,39,44,952,1610,0.89,-658,22-04-2025,22:28:00,Medium,112
220,22-04-2025 22:28,28.0909,74.016,"Taj Mahal, India",FRC1,26,35,399,837,0.74,-438,22-04-2025,22:28:00,Medium,135
221,22-04-2025 23:15,22.7164,84.2311,"Agra Fort, India",FRC3,22,49,439,1142,0.45,-703,22-04-2025,23:15:29,High,222
222,22-04-2025 23:15,25.6549,77.3155,"India Gate, Delhi, India",FRC1,15,34,1485,1224,0.44,261,22-04-2025,23:15:29,High,227
223,22-04-2025 23:15,29.6404,83.6193,"Mumbai, India",FRC3,21,41,295,1419,0.51,-1124,22-04-2025,23:15:29,High,196
224,22-04-2025 23:15,24.947,80.4299,"Bangalore, India",FRC1,13,34,833,59,0.38,774,22-04-2025,23:15:29,High,263
225,22-04-2025 23:15,16.0833,72.5033,"Chennai, India",FRC2,24,49,644,1181,0.49,-537,22-04-2025,23:15:29,High,204
226,22-04-2025 23:15,16.1587,76.685,"Kolkata, India",FRC3,14,24,827,1554,0.58,-727,22-04-2025,23:15:29,High,172
227,22-04-2025 23:15,18.7715,86.2469,"Lucknow, India",FRC3,10,46,1484,779,0.22,705,22-04-2025,23:15:29,High,300
228,22-04-2025 23:15,16.7357,79.9751,"Bhopal, India",FRC2,13,42,395,621,0.31,-226,22-04-2025,23:15:29,High,300
229,22-04-2025 23:15,12.6254,77.0356,"Chandigarh, India",FRC3,15,23,451,1483,0.65,-1032,22-04-2025,23:15:29,Medium,154
230,22-04-2025 23:15,19.6317,82.8854,"Taj Mahal, India",FRC3,30,43,673,250,0.7,423,22-04-2025,23:15:29,Medium,143
231,22-04-2025 23:20,23.2026,80.2334,"Agra Fort, India",FRC4,31,34,1209,1146,0.91,63,22-04-2025,23:20:25,Low,110
232,22-04-2025 23:20,17.807,84.0607,"India Gate, Delhi, India",FRC1,25,39,1878,1303,0.64,575,22-04-2025,23:20:25,Medium,156
233,22-04-2025 23:20,18.0466,86.1505,"Mumbai, India",FRC3,35,28,1438,1045,1.25,393,22-04-2025,23:20:25,Low,80
234,22-04-2025 23:20,13.4842,82.3357,"Bangalore, India",FRC3,24,50,649,145,0.48,504,22-04-2025,23:20:25,High,208
235,22-04-2025 23:20,21.9291,82.6853,"Chennai, India",FRC1,36,20,1257,1441,1.8,-184,22-04-2025,23:20:25,Low,56
236,22-04-2025 23:20,24.1477,82.4454,"Kolkata, India",FRC3,10,33,1539,483,0.3,1056,22-04-2025,23:20:25,High,300
237,22-04-2025 23:20,14.4584,74.2605,"Lucknow, India",FRC1,36,22,1799,1424,1.64,375,22-04-2025,23:20:25,Low,61
238,22-04-2025 23:20,12.0357,87.9122,"Bhopal, India",FRC3,36,22,943,239,1.64,704,22-04-2025,23:20:25,Low,61
239,22-04-2025 23:20,29.1638,82.967,"Chandigarh, India",FRC2,29,32,1578,454,0.91,1124,22-04-2025,23:20:25,Low,110
240,22-04-2025 23:20,23.6712,86.5465,"Taj Mahal, India",FRC2,24,48,1145,987,0.5,158,22-04-2025,23:20:25,High,200
241,22-04-2025 23:28,20.9576,83.7011,"Agra Fort, India",FRC3,38,22,1063,1441,1.73,-378,22-04-2025,23:28:10,Low,58
242,22-04-2025 23:28,25.3076,79.6593,"India Gate, Delhi, India",FRC2,29,49,1571,1458,0.59,113,22-04-2025,23:28:10,High,169
243,22-04-2025 23:28,22.0067,79.1092,"Mumbai, India",FRC2,34,30,1394,74,1.13,1320,22-04-2025,23:28:10,Low,88
244,22-04-2025 23:28,15.5827,87.6601,"Bangalore, India",FRC3,20,37,1243,718,0.54,525,22-04-2025,23:28:10,High,185
245,22-04-2025 23:28,17.7987,74.5691,"Chennai, India",FRC2,32,33,1840,1440,0.97,400,22-04-2025,23:28:10,Low,103
246,22-04-2025 23:28,12.5064,80.8252,"Kolkata, India",FRC2,14,47,1274,375,0.3,899,22-04-2025,23:28:10,High,300
247,22-04-2025 23:28,27.2771,78.4457,"Lucknow, India",FRC1,34,32,1803,345,1.06,1458,22-04-2025,23:28:10,Low,94
248,22-04-2025 23:28,29.4309,78.9789,"Bhopal, India",FRC2,11,32,1583,1774,0.34,-191,22-04-2025,23:28:10,High,294
249,22-04-2025 23:28,24.0419,80.792,"Chandigarh, India",FRC3,35,50,207,129,0.7,78,22-04-2025,23:28:10,Medium,143
250,22-04-2025 23:28,14.4365,77.8121,"Taj Mahal, India",FRC3,10,23,1597,890,0.43,707,22-04-2025,23:28:10,High,233
251,22-04-2025 23:33,28.6261,76.3966,"Agra Fort, India",FRC4,18,49,1742,1313,0.37,429,22-04-2025,23:33:11,High,270
252,22-04-2025 23:33,23.4708,78.5093,"India Gate, Delhi, India",FRC3,14,38,1441,325,0.37,1116,22-04-2025,23:33:11,High,270
253,22-04-2025 23:33,14.1396,80.676,"Mumbai, India",FRC2,37,49,1662,526,0.76,1136,22-04-2025,23:33:11,Medium,132
254,22-04-2025 23:33,18.0817,82.1707,"Bangalore, India",FRC4,15,38,143,1136,0.39,-993,22-04-2025,23:33:11,High,256
255,22-04-2025 23:33,17.207,77.789,"Chennai, India",FRC1,32,27,1164,80,1.19,1084,22-04-2025,23:33:11,Low,84
256,22-04-2025 23:33,26.2165,74.951,"Kolkata, India",FRC2,15,48,1343,1760,0.31,-417,22-04-2025,23:33:11,High,300
257,22-04-2025 23:33,13.1985,74.5809,"Lucknow, India",FRC1,39,29,554,880,1.34,-326,22-04-2025,23:33:11,Low,75
258,22-04-2025 23:33,29.6804,77.643,"Bhopal, India",FRC2,28,39,1160,164,0.72,996,22-04-2025,23:33:11,Medium,139
259,22-04-2025 23:33,14.3977,76.03,"Chandigarh, India",FRC4,28,33,843,371,0.85,472,22-04-2025,23:33:11,Medium,118
260,22-04-2025 23:33,24.882,85.5867,"Taj Mahal, India",FRC4,19,31,1869,542,0.61,1327,22-04-2025,23:33:11,Medium,164
261,24-04-2025 18:40,23.517,74.4177,"Agra Fort, India",FRC4,31,43,204,743,0.72,-539,24-04-2025,18:40:54,Medium,139
262,24-04-2025 18:40,28.9057,82.2747,"India Gate, Delhi, India",FRC3,39,31,1358,667,1.26,691,24-04-2025,18:40:54,Low,79
263,24-04-2025 18:40,18.1702,76.1902,"Mumbai, India",FRC4,21,28,1482,1736,0.75,-254,24-04-2025,18:40:54,Medium,133
264,24-04-2025 18:40,19.2008,86.2786,"Bangalore, India",FRC2,34,23,1710,661,1.48,1049,24-04-2025,18:40:54,Low,68
265,24-04-2025 18:40,27.5858,80.2045,"Chennai, India",FRC2,15,25,934,200,0.6,734,24-04-2025,18:40:54,Medium,167
266,24-04-2025 18:40,27.211,87.9894,"Kolkata, India",FRC1,30,37,1812,795,0.81,1017,24-04-2025,18:40:54,Medium,123
267,24-04-2025 18:40,25.6499,78.4577,"Lucknow, India",FRC3,18,48,344,115,0.38,229,24-04-2025,18:40:54,High,263
268,24-04-2025 18:40,24.4257,80.9716,"Bhopal, India",FRC1,18,40,1609,1027,0.45,582,24-04-2025,18:40:54,High,222
269,24-04-2025 18:40,19.2356,74.1509,"Chandigarh, India",FRC1,34,33,538,1699,1.03,-1161,24-04-2025,18:40:54,Low,97
270,24-04-2025 18:40,13.6242,72.801,"Taj Mahal, India",FRC2,15,24,891,1024,0.62,-133,24-04-2025,18:40:54,Medium,161
271,05-05-2025 20:29,17.2981,87.3421,"Agra Fort, India",FRC1,10,23,1693,979,0.43,714,05-05-2025,20:29:50,High,233
272,05-05-2025 20:29,12.614,74.9397,"India Gate, Delhi, India",FRC4,20,24,1488,1425,0.83,63,05-05-2025,20:29:50,Medium,120
273,05-05-2025 20:29,25.8323,76.8493,"Mumbai, India",FRC2,26,20,1380,120,1.3,1260,05-05-2025,20:29:50,Low,77
274,05-05-2025 20:29,21.4678,83.7558,"Bangalore, India",FRC1,26,48,628,924,0.54,-296,05-05-2025,20:29:50,High,185
275,05-05-2025 20:29,27.1771,77.8135,"Chennai, India",FRC2,40,32,990,1158,1.25,-168,05-05-2025,20:29:50,Low,80
276,05-05-2025 20:29,12.2706,75.7244,"Kolkata, India",FRC2,27,47,1793,650,0.57,1143,05-05-2025,20:29:50,High,175
277,05-05-2025 20:29,16.7452,79.7175,"Lucknow, India",FRC3,21,33,386,743,0.64,-357,05-05-2025,20:29:50,Medium,156
278,05-05-2025 20:29,29.2528,76.7663,"Bhopal, India",FRC2,19,31,737,815,0.61,-78,05-05-2025,20:29:50,Medium,164
279,05-05-2025 20:29,18.0201,76.1917,"Chandigarh, India",FRC4,25,31,106,679,0.81,-573,05-05-2025,20:29:50,Medium,123
280,05-05-2025 20:29,29.5922,79.8671,"Taj Mahal, India",FRC2,19,23,1746,303,0.83,1443,05-05-2025,20:29:50,Medium,120
281,06-05-2025 14:07,17.0662,84.763,"Agra Fort, India",FRC3,29,38,1447,816,0.76,631,06-05-2025,14:07:50,Medium,132
282,06-05-2025 14:07,13.4169,82.1103,"India Gate, Delhi, India",FRC3,10,36,144,1681,0.28,-1537,06-05-2025,14:07:50,High,300
283,06-05-2025 14:07,27.3564,87.5752,"Mumbai, India",FRC1,37,50,1757,1735,0.74,22,06-05-2025,14:07:50,Medium,135
284,06-05-2025 14:07,26.7228,86.9913,"Bangalore, India",FRC2,18,37,1310,588,0.49,722,06-05-2025,14:07:50,High,204
285,06-05-2025 14:07,29.998,74.0101,"Chennai, India",FRC1,13,23,1661,656,0.57,1005,06-05-2025,14:07:50,High,175
286,06-05-2025 14:07,13.2987,78.9686,"Kolkata, India",FRC4,22,25,1591,96,0.88,1495,06-05-2025,14:07:50,Medium,114
287,06-05-2025 14:07,14.7381,76.3639,"Lucknow, India",FRC3,15,40,1501,1066,0.38,435,06-05-2025,14:07:50,High,263
288,06-05-2025 14:07,19.0018,83.6297,"Bhopal, India",FRC2,10,33,1969,530,0.3,1439,06-05-2025,14:07:50,High,300
289,06-05-2025 14:07,26.6186,79.3349,"Chandigarh, India",FRC3,31,50,523,90,0.62,433,06-05-2025,14:07:50,Medium,161
290,06-05-2025 14:07,13.3479,81.5198,"Taj Mahal, India",FRC2,33,27,895,453,1.22,442,06-05-2025,14:07:50,Low,82
291,08-05-2025 17:03,18.8403,85.918,"Agra Fort, India",FRC1,24,26,323,1137,0.92,-814,08-05-2025,17:03:48,Low,109
292,08-05-2025 17:03,24.9504,72.7945,"India Gate, Delhi, India",FRC4,22,35,751,918,0.63,-167,08-05-2025,17:03:48,Medium,159
293,08-05-2025 17:03,25.0647,78.0615,"Mumbai, India",FRC2,14,44,250,458,0.32,-208,08-05-2025,17:03:48,High,300
294,08-05-2025 17:03,29.4857,76.6634,"Bangalore, India",FRC3,14,37,634,622,0.38,12,08-05-2025,17:03:48,High,263
295,08-05-2025 17:03,22.2068,83.7625,"Chennai, India",FRC2,35,30,1060,1024,1.17,36,08-05-2025,17:03:48,Low,85
296,08-05-2025 17:03,13.9387,86.8839,"Kolkata, India",FRC3,32,39,1533,1425,0.82,108,08-05-2025,17:03:48,Medium,122
297,08-05-2025 17:03,12.6702,74.2253,"Lucknow, India",FRC3,34,38,277,436,0.89,-159,08-05-2025,17:03:48,Medium,112
298,08-05-2025 17:03,26.3791,79.5853,"Bhopal, India",FRC2,13,37,703,861,0.35,-158,08-05-2025,17:03:48,High,286
299,08-05-2025 17:03,21.5104,85.7615,"Chandigarh, India",FRC1,11,44,1496,366,0.25,1130,08-05-2025,17:03:48,High,300
300,08-05-2025 17:03,19.047,74.1146,"Taj Mahal, India",FRC3,23,22,1135,1223,1.05,-88,08-05-2025,17:03:48,Low,95
301,09-05-2025 21:06,25.2838,78.591,"Agra Fort, India",FRC1,31,40,716,180,0.78,536,09-05-2025,21:06:44,Medium,128
302,09-05-2025 21:06,12.127,85.6068,"India Gate, Delhi, India",FRC4,17,40,433,911,0.42,-478,09-05-2025,21:06:44,High,238
303,09-05-2025 21:06,27.228,74.9198,"Mumbai, India",FRC4,33,35,254,733,0.94,-479,09-05-2025,21:06:44,Low,106
304,09-05-2025 21:06,13.5751,78.0322,"Bangalore, India",FRC3,31,24,229,452,1.29,-223,09-05-2025,21:06:44,Low,78
305,09-05-2025 21:06,20.1202,82.2107,"Chennai, India",FRC2,31,24,202,966,1.29,-764,09-05-2025,21:06:44,Low,78
306,09-05-2025 21:06,18.8212,74.3349,"Kolkata, India",FRC1,24,25,888,1049,0.96,-161,09-05-2025,21:06:44,Low,104
307,09-05-2025 21:06,24.8097,74.8187,"Lucknow, India",FRC3,31,50,1887,1177,0.62,710,09-05-2025,21:06:44,Medium,161
308,09-05-2025 21:06,14.6663,83.9531,"Bhopal, India",FRC1,20,23,966,717,0.87,249,09-05-2025,21:06:44,Medium,115
309,09-05-2025 21:06,12.2413,78.1129,"Chandigarh, India",FRC3,25,29,1982,1748,0.86,234,09-05-2025,21:06:44,Medium,116
310,09-05-2025 21:06,25.6164,86.9897,"Taj Mahal, India",FRC1,35,27,807,1075,1.3,-268,09-05-2025,21:06:44,Low,77
311,11-05-2025 11:34,19.3609,76.3998,"Agra Fort, India",FRC2,33,34,130,1316,0.97,-1186,11-05-2025,11:34:10,Low,103
312,11-05-2025 11:34,16.2942,74.0355,"India Gate, Delhi, India",FRC4,28,23,1546,1713,1.22,-167,11-05-2025,11:34:10,Low,82
313,11-05-2025 11:34,19.8627,72.7132,"Mumbai, India",FRC3,21,20,225,1629,1.05,-1404,11-05-2025,11:34:10,Low,95
314,11-05-2025 11:34,16.6713,84.4091,"Bangalore, India",FRC3,14,30,593,773,0.47,-180,11-05-2025,11:34:10,High,213
315,11-05-2025 11:34,22.2865,81.5791,"Chennai, India",FRC1,35,26,1188,1688,1.35,-500,11-05-2025,11:34:10,Low,74
316,11-05-2025 11:34,22.5894,74.2622,"Kolkata, India",FRC1,40,38,811,728,1.05,83,11-05-2025,11:34:10,Low,95
317,11-05-2025 11:34,21.0138,77.5103,"Lucknow, India",FRC2,32,31,1090,670,1.03,420,11-05-2025,11:34:10,Low,97
318,11-05-2025 11:34,23.3784,72.1912,"Bhopal, India",FRC4,29,37,275,1171,0.78,-896,11-05-2025,11:34:10,Medium,128
319,11-05-2025 11:34,14.0443,81.6381,"Chandigarh, India",FRC1,16,31,1893,1108,0.52,785,11-05-2025,11:34:10,High,192
320,11-05-2025 11:34,28.0416,73.7459,"Taj Mahal, India",FRC3,10,22,1650,211,0.45,1439,11-05-2025,11:34:10,High,222
321,12-05-2025 17:45,26.9354,81.3823,"Agra Fort, India",FRC1,40,26,137,861,1.54,-724,12-05-2025,17:45:30,Low,65
322,12-05-2025 17:45,21.7694,87.1195,"India Gate, Delhi, India",FRC2,22,39,1455,1577,0.56,-122,12-05-2025,17:45:30,High,179
323,12-05-2025 17:45,25.1825,78.466,"Mumbai, India",FRC1,30,23,1173,838,1.3,335,12-05-2025,17:45:30,Low,77
324,12-05-2025 17:45,23.3018,81.2285,"Bangalore, India",FRC1,13,22,1513,73,0.59,1440,12-05-2025,17:45:30,High,169
325,12-05-2025 17:45,28.9439,81.4462,"Chennai, India",FRC3,21,29,1781,1105,0.72,676,12-05-2025,17:45:30,Medium,139
326,12-05-2025 17:45,28.7997,83.4341,"Kolkata, India",FRC1,36,24,477,712,1.5,-235,12-05-2025,17:45:30,Low,67
327,12-05-2025 17:45,14.1889,81.8877,"Lucknow, India",FRC1,37,46,1647,649,0.8,998,12-05-2025,17:45:30,Medium,125
328,12-05-2025 17:45,21.2492,87.5907,"Bhopal, India",FRC4,33,44,1310,253,0.75,1057,12-05-2025,17:45:30,Medium,133
329,12-05-2025 17:45,14.0983,73.4666,"Chandigarh, India",FRC1,16,49,473,945,0.33,-472,12-05-2025,17:45:30,High,300
330,12-05-2025 17:45,23.7611,86.9336,"Taj Mahal, India",FRC2,20,44,906,1621,0.45,-715,12-05-2025,17:45:30,High,222
331,13-05-2025 08:37,21.1069,81.4644,"Agra Fort, India",FRC2,28,25,1651,918,1.12,733,13-05-2025,08:37:05,Low,89
332,13-05-2025 08:37,26.9888,84.6403,"India Gate, Delhi, India",FRC4,15,37,1240,355,0.41,885,13-05-2025,08:37:05,High,244
333,13-05-2025 08:37,15.8642,82.2326,"Mumbai, India",FRC4,31,41,274,113,0.76,161,13-05-2025,08:37:05,Medium,132
334,13-05-2025 08:37,24.7418,73.2443,"Bangalore, India",FRC3,31,37,1233,632,0.84,601,13-05-2025,08:37:05,Medium,119
335,13-05-2025 08:37,16.0536,73.8701,"Chennai, India",FRC3,25,30,1986,1420,0.83,566,13-05-2025,08:37:05,Medium,120
336,13-05-2025 08:37,19.3344,73.4396,"Kolkata, India",FRC4,32,46,1969,490,0.7,1479,13-05-2025,08:37:05,Medium,143
337,13-05-2025 08:37,14.5621,80.8618,"Lucknow, India",FRC1,18,36,1920,1384,0.5,536,13-05-2025,08:37:05,High,200
338,13-05-2025 08:37,19.9968,86.9747,"Bhopal, India",FRC4,23,33,1819,1011,0.7,808,13-05-2025,08:37:05,Medium,143
339,13-05-2025 08:37,28.6145,87.3252,"Chandigarh, India",FRC1,13,28,1448,488,0.46,960,13-05-2025,08:37:05,High,217
340,13-05-2025 08:37,12.0891,81.1766,"Taj Mahal, India",FRC4,36,41,300,1692,0.88,-1392,13-05-2025,08:37:05,Medium,114
341,21-12-2025 16:11,13.2021,79.3871,"Chennai, India",FRC3,17,37,1353,1627,0.46,-274,21-12-2025,16:11:29,High,217
343,21-12-2025 16:11,13.6658,79.9988,"Chennai, India",FRC4,37,25,219,388,1.48,-169,21-12-2025,16:11:29,Low,68
344,21-12-2025 16:11,14.364,81.8258,"Chennai, India",FRC1,11,37,243,698,0.3,-455,21-12-2025,16:11:29,High,300
345,21-12-2025 16:11,26.3978,85.7419,"India Gate, Delhi, India",FRC1,21,50,464,1327,0.42,-863,21-12-2025,16:11:29,High,238
347,21-12-2025 16:11,28.3564,76.5088,"India Gate, Delhi, India",FRC1,19,36,223,347,0.53,-124,21-12-2025,16:11:29,High,189
348,21-12-2025 16:11,19.6522,73.5139,"Mumbai, India",FRC3,14,41,294,917,0.34,-623,21-12-2025,16:11:29,High,294
351,21-12-2025 16:16,21.0151,79.9157,"Bhopal, India",FRC3,40,37,1476,1114,1.08,362,21-12-2025,16:16:30,Low,93
356,21-12-2025 16:16,23.7279,85.5941,"Kolkata, India",FRC1,20,30,720,239,0.67,481,21-12-2025,16:16:30,Medium,149
357,21-12-2025 16:16,29.6523,73.0673,"Chandigarh, India",FRC1,39,23,963,828,1.7,135,21-12-2025,16:16:30,Low,59
361,21-12-2025 16:21,26.1534,84.4755,"India Gate, Delhi, India",FRC1,21,37,1083,1034,0.57,49,21-12-2025,16:21:28,High,175
362,21-12-2025 16:21,26.4966,81.0148,"Lucknow, India",FRC2,26,47,414,1251,0.55,-837,21-12-2025,16:21:28,High,182
364,21-12-2025 16:21,26.1798,78.1164,"Taj Mahal / Agra, India",FRC2,22,23,173,585,0.96,-412,21-12-2025,16:21:28,Low,104
370,21-12-2025 16:21,26.7668,78.1605,"Taj Mahal / Agra, India",FRC1,22,36,156,1148,0.61,-992,21-12-2025,16:21:28,Medium,164
376,21-12-2025 16:26,29.3618,74.8857,"Chandigarh, India",FRC4,34,32,765,1090,1.06,-325,21-12-2025,16:26:32,Low,94
378,21-12-2025 16:26,15.1459,81.739,"Chennai, India",FRC3,20,25,1672,1172,0.8,500,21-12-2025,16:26:32,Medium,125
382,21-12-2025 16:31,26.9939,78.1203,"Taj Mahal / Agra, India",FRC3,19,29,1851,202,0.66,1649,21-12-2025,16:31:34,Medium,152
387,21-12-2025 16:31,19.2776,72.5899,"Mumbai, India",FRC2,19,33,1936,1163,0.58,773,21-12-2025,16:31:34,High,172
391,21-12-2025 16:36,20.6961,72.437,"Mumbai, India",FRC3,19,36,793,260,0.53,533,21-12-2025,16:36:36,High,189
394,21-12-2025 16:36,21.9864,86.3222,"Bhopal, India",FRC4,32,39,1606,681,0.82,925,21-12-2025,16:36:36,Medium,122
396,21-12-2025 16:36,15.1652,75.9857,"Bangalore, India",FRC1,40,26,1183,804,1.54,379,21-12-2025,16:36:36,Low,65
397,21-12-2025 16:36,29.5261,75.7924,"Chandigarh, India",FRC3,24,32,1286,144,0.75,1142,21-12-2025,16:36:36,Medium,133
406,21-12-2025 16:41,26.1188,81.0872,"Lucknow, India",FRC3,36,23,1237,327,1.57,910,21-12-2025,16:41:35,Low,64
407,21-12-2025 16:41,23.2079,86.9593,"Kolkata, India",FRC3,12,50,442,1259,0.24,-817,21-12-2025,16:41:35,High,300
408,21-12-2025 16:41,14.7058,82.4839,"Chennai, India",FRC1,40,35,1479,1729,1.14,-250,21-12-2025,16:41:35,Low,88
409,21-12-2025 16:41,27.3459,84.9509,"India Gate, Delhi, India",FRC4,35,30,956,93,1.17,863,21-12-2025,16:41:35,Low,85
410,21-12-2025 16:41,21.5998,77.4797,"Bhopal, India",FRC2,15,23,745,1313,0.65,-568,21-12-2025,16:41:35,Medium,154
411,21-12-2025 16:46,15.7458,79.538,"Chennai, India",FRC1,35,45,540,1150,0.78,-610,21-12-2025,16:46:28,Medium,128
412,21-12-2025 16:46,26.7549,81.2952,"Lucknow, India",FRC4,23,34,811,754,0.68,57,21-12-2025,16:46:28,Medium,147
413,21-12-2025 16:46,16.941,79.6338,"Chennai, India",FRC3,26,20,524,1686,1.3,-1162,21-12-2025,16:46:28,Low,77
416,21-12-2025 16:46,15.9134,74.7806,"Bangalore, India",FRC1,29,35,1557,435,0.83,1122,21-12-2025,16:46:28,Medium,120
417,21-12-2025 16:46,14.4672,74.0737,"Bangalore, India",FRC3,15,23,528,1054,0.65,-526,21-12-2025,16:46:28,Medium,154
419,21-12-2025 16:46,21.6042,80.1414,"Bhopal, India",FRC3,14,23,1484,487,0.61,997,21-12-2025,16:46:28,Medium,164
420,21-12-2025 16:46,24.1666,86.5415,"Kolkata, India",FRC4,14,42,419,448,0.33,-29,21-12-2025,16:46:28,High,300
421,21-12-2025 16:51,15.5331,75.189,"Bangalore, India",FRC3,21,47,1771,691,0.45,1080,21-12-2025,16:51:28,High,222
425,21-12-2025 16:51,14.7166,75.8383,"Bangalore, India",FRC4,12,33,1072,1157,0.36,-85,21-12-2025,16:51:28,High,278
432,21-12-2025 16:56,15.8901,75.5754,"Bangalore, India",FRC4,18,27,1243,341,0.67,902,21-12-2025,16:56:29,Medium,149
442,21-12-2025 17:01,21.5205,78.7498,"Bhopal, India",FRC3,22,26,1309,1094,0.85,215,21-12-2025,17:01:30,Medium,118
443,21-12-2025 17:01,20.8812,72.0744,"Mumbai, India",FRC3,16,41,301,1046,0.39,-745,21-12-2025,17:01:30,High,256
450,21-12-2025 17:01,13.3684,79.7937,"Chennai, India",FRC3,16,47,1270,1112,0.34,158,21-12-2025,17:01:30,High,294
453,21-12-2025 17:06,15.7384,79.6421,"Chennai, India",FRC4,39,39,1541,435,1,1106,21-12-2025,17:06:29,Low,100
459,21-12-2025 17:06,13.7799,80.8402,"Chennai, India",FRC4,40,30,1562,309,1.33,1253,21-12-2025,17:06:29,Low,75
460,21-12-2025 17:06,14.9291,74.6363,"Bangalore, India",FRC1,11,43,1208,308,0.26,900,21-12-2025,17:06:29,High,300
462,21-12-2025 17:52,29.065,73.7038,"Chandigarh, India",FRC3,38,32,1141,972,1.19,169,21-12-2025,17:52:49,Low,84
467,21-12-2025 17:52,21.3048,85.7817,"Bhopal, India",FRC3,29,47,257,681,0.62,-424,21-12-2025,17:52:49,Medium,161
474,21-12-2025 17:55,26.9485,84.0825,"India Gate, Delhi, India",FRC3,14,28,1097,245,0.5,852,21-12-2025,17:55:02,High,200
475,21-12-2025 17:55,21.1833,85.7568,"Bhopal, India",FRC3,10,44,1425,820,0.23,605,21-12-2025,17:55:02,High,300
476,21-12-2025 17:55,22.4417,87.6822,"Kolkata, India",FRC3,31,29,402,274,1.07,128,21-12-2025,17:55:02,Low,93
480,21-12-2025 17:55,24.4038,86.9686,"Kolkata, India",FRC1,37,24,898,1043,1.54,-145,21-12-2025,17:55:02,Low,65
490,21-12-2025 17:57,24.3706,74.6675,"Bangalore, India",FRC4,32,37,658,420,0.86,238,21-12-2025,17:57:59,Medium,116
496,21-12-2025 18:00,14.9972,80.9247,"Chennai, India",FRC2,19,43,1472,570,0.44,902,21-12-2025,18:00:01,High,227
499,21-12-2025 18:00,15.7532,80.1766,"Chennai, India",FRC3,38,35,1227,170,1.09,1057,21-12-2025,18:00:01,Low,92
502,21-12-2025 18:02,28.0253,76.0766,"India Gate, Delhi, India",FRC2,13,28,117,1648,0.46,-1531,21-12-2025,18:02:56,High,217
503,21-12-2025 18:02,23.3994,74.5913,"Bangalore, India",FRC2,23,35,340,1038,0.66,-698,21-12-2025,18:02:56,Medium,152
517,21-12-2025 18:04,21.0366,78.903,"Bhopal, India",FRC4,29,32,593,680,0.91,-87,21-12-2025,18:04:55,Low,110
519,21-12-2025 18:04,24.3294,87.9039,"Kolkata, India",FRC3,15,21,1846,714,0.71,1132,21-12-2025,18:04:55,Medium,141
525,21-12-2025 18:07,26.8065,77.9633,"Taj Mahal / Agra, India",FRC2,23,29,1470,585,0.79,885,21-12-2025,18:07:53,Medium,127
529,21-12-2025 18:07,26.2511,84.0688,"India Gate, Delhi, India",FRC1,27,33,1916,397,0.82,1519,21-12-2025,18:07:53,Medium,122
530,21-12-2025 18:07,14.2866,81.3588,"Chennai, India",FRC1,17,44,733,1790,0.39,-1057,21-12-2025,18:07:53,High,256
533,21-12-2025 18:09,14.4564,73.7501,"Bangalore, India",FRC3,29,37,1864,1544,0.78,320,21-12-2025,18:09:57,Medium,128
538,21-12-2025 18:09,14.4068,75.3542,"Bangalore, India",FRC1,38,23,645,890,1.65,-245,21-12-2025,18:09:57,Low,61
544,21-12-2025 18:12,22.2087,85.6906,"Kolkata, India",FRC1,34,46,1675,1074,0.74,601,21-12-2025,18:12:53,Medium,135
545,21-12-2025 18:12,24.5319,86.3868,"Kolkata, India",FRC2,15,45,111,538,0.33,-427,21-12-2025,18:12:53,High,300
547,21-12-2025 18:12,26.8147,85.3772,"India Gate, Delhi, India",FRC1,19,37,891,338,0.51,553,21-12-2025,18:12:53,High,196
551,21-12-2025 18:14,14.485,73.4819,"Bangalore, India",FRC2,12,40,132,1008,0.3,-876,21-12-2025,18:14:56,High,300
557,21-12-2025 18:14,27.9856,85.1366,"India Gate, Delhi, India",FRC4,24,25,1594,1733,0.96,-139,21-12-2025,18:14:56,Low,104
562,21-12-2025 20:40,26.8089,85.2858,"India Gate, Delhi, India",FRC4,38,39,1459,515,0.97,944,21-12-2025,20:40:01,Low,103
563,21-12-2025 20:40,28.2433,75.7774,"Chandigarh, India",FRC2,31,50,1737,1084,0.62,653,21-12-2025,20:40:01,Medium,161
564,21-12-2025 20:40,26.3135,80.0153,"Lucknow, India",FRC4,35,39,1921,163,0.9,1758,21-12-2025,20:40:01,Low,111
570,21-12-2025 20:40,29.0807,73.4453,"Chandigarh, India",FRC1,26,20,1188,1452,1.3,-264,21-12-2025,20:40:01,Low,77
574,21-12-2025 20:42,24.8997,85.2798,"Kolkata, India",FRC4,35,47,1987,370,0.74,1617,21-12-2025,20:42:25,Medium,135
576,21-12-2025 20:42,22.2039,85.0414,"Kolkata, India",FRC1,25,32,603,1244,0.78,-641,21-12-2025,20:42:25,Medium,128
584,21-12-2025 20:45,27.6993,78.8404,"Taj Mahal / Agra, India",FRC2,32,25,1649,982,1.28,667,21-12-2025,20:45:23,Low,78
586,21-12-2025 20:45,23.8346,87.8308,"Kolkata, India",FRC3,27,34,1753,1721,0.79,32,21-12-2025,20:45:23,Medium,127
591,21-12-2025 20:47,14.8959,74.4571,"Bangalore, India",FRC3,24,23,1787,69,1.04,1718,21-12-2025,20:47:24,Low,96
600,21-12-2025 20:47,20.0265,72.1092,"Mumbai, India",FRC1,17,43,168,61,0.4,107,21-12-2025,20:47:24,High,250
630,21-12-2025 20:55,24.8298,86.3472,"Kolkata, India",FRC3,29,42,358,481,0.69,-123,21-12-2025,20:55:34,Medium,145
647,21-12-2025 21:00,14.5981,81.2758,"Chennai, India",FRC1,32,22,437,687,1.45,-250,21-12-2025,21:00:18,Low,69
649,21-12-2025 21:00,24.3215,85.6707,"Kolkata, India",FRC4,38,27,1442,842,1.41,600,21-12-2025,21:00:18,Low,71
658,21-12-2025 21:02,16.4786,80.0427,"Chennai, India",FRC2,13,29,452,1282,0.45,-830,21-12-2025,21:02:29,High,222
662,21-12-2025 21:05,19.4693,73.6031,"Mumbai, India",FRC1,30,24,863,174,1.25,689,21-12-2025,21:05:36,Low,80
674,21-12-2025 21:07,14.4949,75.2145,"Bangalore, India",FRC3,38,20,591,116,1.9,475,21-12-2025,21:07:30,Low,53
680,21-12-2025 21:07,21.3588,79.8604,"Bhopal, India",FRC3,25,30,339,1773,0.83,-1434,21-12-2025,21:07:30,Medium,120
685,21-12-2025 21:10,19.3187,73.2154,"Mumbai, India",FRC3,32,50,202,652,0.64,-450,21-12-2025,21:10:21,Medium,156
686,21-12-2025 21:10,26.2289,85.6199,"India Gate, Delhi, India",FRC1,36,30,769,1279,1.2,-510,21-12-2025,21:10:21,Low,83
688,21-12-2025 21:10,22.6219,86.7749,"Kolkata, India",FRC3,32,35,1063,769,0.91,294,21-12-2025,21:10:21,Low,110
690,21-12-2025 21:10,21.6735,79.8557,"Bhopal, India",FRC2,36,24,1188,1094,1.5,94,21-12-2025,21:10:21,Low,67
693,21-12-2025 21:12,15.3711,73.2227,"Bangalore, India",FRC4,28,22,702,1531,1.27,-829,21-12-2025,21:12:24,Low,79
700,21-12-2025 21:12,23.3723,87.7757,"Kolkata, India",FRC1,12,33,1429,1435,0.36,-6,21-12-2025,21:12:24,High,278
